, Ethyl Acetate,Ethanol,"Propanoic acid, ethyl ester",2-Pentanone,Decane,Methyl Isobutyl Ketone,Amylene hydrate,"Butanoic acid, 2-methyl-, methyl ester",Isobutyl acetate,Methyl isovalerate,1-Propanol,Methyl thiolacetate,"Butanoic acid, 2-methyl-, ethyl ester",2-Hexanone,Ethyl isocyanide,"1-Propanol, 2-methyl-","2-Pentanol, 2-methyl-",2-Pentanol,"1-Butanol, 3-methyl-, acetate",1 - Undecene,1-Butanol,2-Heptanone,Dodecane,"1-Butanol, 3-methyl-", S-Methyl 3-methylbutanethioate,"2-Heptanone, 4,6-dimethyl-"," 3-Buten-1-ol, 3-methyl-","Thiocyanic acid, methyl ester",Acetoin,"1-Pentanol, 2-methyl-","Butanoic acid, 3-methyl-, 2-methylbutyl ester","2-Heptanol, 4-methyl-",2-Nonanone ,Acetic acid,2-Nonanol,Pyrrole,"1H-Pyrrole, 2-methyl-","1-Heptanol, 2,4-dimethyl-,",Propanoic acid,"Propanoic acid, 2-methyl-",1-Octanol,2-Undecanone,"Benzoic acid, methyl ester",Butyrolactone ," Decanoic acid, ethyl ester","Acetic acid, decyl ester",2-Undecanol,"Butanoic acid, 3-methyl-",2-Dodecanone,1-Decanol,2-Tridecanone," Dodecanoic acid, ethyl ester","1,4-Butanediol",Phenylethyl Alcohol,"Acetophenone, 2'-amino-",2-Tridecanol,Tetradecanal,1-Dodecanol,Methyl tetradecanoate, 2-Pentadecanone,"Tetradecanoic acid, ethyl ester",Hexadecanal,n-Tridecan-1-ol,1-Tetradecanol,n-Pentadecanol, 1-Hexadecanol,Indole
0,465374.0,1027715.0,17989.40740740741,1289650.0,800581.0,324424.0,73015.0,287247.7037037037,46016.2037037037,0.0,317293.22222222225,82772.0,1019655.0,0.0,19984.0,139019.0,0.0,0.0,111465.0,5627687.703703703,1456599.6666666667,56603.0,16751.333333333332,3097686.0,334880.3333333333,59419.96296296296,334841.0,58038.22222222222,375792.0,48789.62962962963,103049.88888888889,45394.51851851852,618535.1666666666,4016234.0,628854.074074074,371058.6296296296,333395.74074074073,49898.40740740741,51090.0,76990.0,664654.7777777778,590926.9074074074,134161.44444444444,0.0,37525.444444444445,37478.11111111111,338121.48148148146,4007188.0,30908.48148148148,1524509.2962962964,314530.962962963,21410.85185185185,0.0,147761.62962962964,343307.962962963,56845.07407407407,8317.0,2098782.4444444445,97878.33333333333,85753.37037037036,10167.74074074074,94159.37037037036,85581.62962962964,586042.2962962963,173037.61538461538,662122.074074074,82469063.0
1,193151.0,1050974.0,17989.40740740741,504113.0,294680.0,189630.0,0.0,287247.7037037037,46016.2037037037,0.0,317293.22222222225,0.0,245397.0,0.0,19984.0,219733.0,0.0,56594.0,0.0,5627687.703703703,1456599.6666666667,0.0,16751.333333333332,2130908.0,334880.3333333333,59419.96296296296,153294.0,58038.22222222222,102975.0,48789.62962962963,103049.88888888889,45394.51851851852,618535.1666666666,1565576.0,628854.074074074,371058.6296296296,333395.74074074073,49898.40740740741,0.0,0.0,664654.7777777778,590926.9074074074,134161.44444444444,0.0,37525.444444444445,37478.11111111111,338121.48148148146,1691000.0,30908.48148148148,1524509.2962962964,314530.962962963,21410.85185185185,0.0,147761.62962962964,343307.962962963,56845.07407407407,8317.0,2098782.4444444445,97878.33333333333,85753.37037037036,10167.74074074074,94159.37037037036,85581.62962962964,586042.2962962963,173037.61538461538,662122.074074074,82469063.0
2,403286.0,1850391.0,17989.40740740741,1169501.0,15.0,228163.0,73558.0,287247.7037037037,46016.2037037037,0.0,317293.22222222225,0.0,494407.0,0.0,19984.0,196279.0,0.0,124321.0,0.0,5627687.703703703,1456599.6666666667,85741.0,16751.333333333332,2769590.0,334880.3333333333,59419.96296296296,341899.0,58038.22222222222,173956.0,48789.62962962963,103049.88888888889,45394.51851851852,618535.1666666666,1952847.0,628854.074074074,371058.6296296296,333395.74074074073,49898.40740740741,0.0,0.0,664654.7777777778,590926.9074074074,134161.44444444444,0.0,37525.444444444445,37478.11111111111,338121.48148148146,2140149.0,30908.48148148148,1524509.2962962964,314530.962962963,21410.85185185185,0.0,147761.62962962964,343307.962962963,56845.07407407407,8317.0,2098782.4444444445,97878.33333333333,85753.37037037036,10167.74074074074,94159.37037037036,85581.62962962964,586042.2962962963,173037.61538461538,662122.074074074,82469063.0
3,129833.0,5140770.0,17989.40740740741,1926072.0,124282.0,0.0,188367.0,287247.7037037037,46016.2037037037,0.0,317293.22222222225,0.0,2198502.0,0.0,19984.0,375976.0,197683.0,53549.0,0.0,5627687.703703703,1456599.6666666667,0.0,16751.333333333332,5101478.0,334880.3333333333,59419.96296296296,86222.0,58038.22222222222,381264.0,48789.62962962963,103049.88888888889,45394.51851851852,618535.1666666666,11875584.0,628854.074074074,371058.6296296296,333395.74074074073,49898.40740740741,111819.0,0.0,664654.7777777778,590926.9074074074,134161.44444444444,0.0,37525.444444444445,37478.11111111111,338121.48148148146,4678421.0,30908.48148148148,1524509.2962962964,314530.962962963,21410.85185185185,0.0,147761.62962962964,343307.962962963,56845.07407407407,8317.0,2098782.4444444445,97878.33333333333,85753.37037037036,10167.74074074074,94159.37037037036,85581.62962962964,586042.2962962963,173037.61538461538,662122.074074074,82469063.0
4,117105.0,3422557.0,17989.40740740741,246751.0,0.0,0.0,0.0,287247.7037037037,46016.2037037037,0.0,317293.22222222225,0.0,960937.0,0.0,19984.0,93132.0,66816.0,0.0,0.0,5627687.703703703,1456599.6666666667,0.0,16751.333333333332,2349861.0,334880.3333333333,59419.96296296296,0.0,58038.22222222222,233731.0,48789.62962962963,103049.88888888889,45394.51851851852,618535.1666666666,11024381.0,628854.074074074,371058.6296296296,333395.74074074073,49898.40740740741,90520.0,0.0,664654.7777777778,590926.9074074074,134161.44444444444,0.0,37525.444444444445,37478.11111111111,338121.48148148146,3219328.0,30908.48148148148,1524509.2962962964,314530.962962963,21410.85185185185,0.0,147761.62962962964,343307.962962963,56845.07407407407,8317.0,2098782.4444444445,97878.33333333333,85753.37037037036,10167.74074074074,94159.37037037036,85581.62962962964,586042.2962962963,173037.61538461538,662122.074074074,82469063.0
5,316764.0,914667.0,17989.40740740741,560337.0,456376.0,167165.0,90157.0,287247.7037037037,46016.2037037037,0.0,317293.22222222225,83504.0,548057.0,0.0,19984.0,179831.0,0.0,0.0,0.0,5627687.703703703,1456599.6666666667,0.0,16751.333333333332,2161779.0,334880.3333333333,59419.96296296296,145857.0,58038.22222222222,125300.0,48789.62962962963,103049.88888888889,45394.51851851852,618535.1666666666,2608354.0,628854.074074074,371058.6296296296,333395.74074074073,49898.40740740741,55944.0,0.0,664654.7777777778,590926.9074074074,134161.44444444444,0.0,37525.444444444445,37478.11111111111,338121.48148148146,1719248.0,30908.48148148148,1524509.2962962964,314530.962962963,21410.85185185185,0.0,147761.62962962964,343307.962962963,56845.07407407407,8317.0,2098782.4444444445,97878.33333333333,85753.37037037036,10167.74074074074,94159.37037037036,85581.62962962964,586042.2962962963,173037.61538461538,662122.074074074,82469063.0
6,141636.0,801684.0,17989.40740740741,497068.0,408709.0,152829.0,139948.0,287247.7037037037,46016.2037037037,0.0,317293.22222222225,51098.0,287712.0,0.0,19984.0,84934.0,0.0,0.0,0.0,5627687.703703703,1456599.6666666667,0.0,16751.333333333332,2183192.0,334880.3333333333,59419.96296296296,151117.0,58038.22222222222,64307.0,48789.62962962963,103049.88888888889,45394.51851851852,618535.1666666666,2383959.0,628854.074074074,371058.6296296296,333395.74074074073,49898.40740740741,51321.0,0.0,664654.7777777778,590926.9074074074,134161.44444444444,0.0,37525.444444444445,37478.11111111111,338121.48148148146,1800911.0,30908.48148148148,1524509.2962962964,314530.962962963,21410.85185185185,0.0,147761.62962962964,343307.962962963,56845.07407407407,8317.0,2098782.4444444445,97878.33333333333,85753.37037037036,10167.74074074074,94159.37037037036,85581.62962962964,586042.2962962963,173037.61538461538,662122.074074074,82469063.0
7,292548.0,1037912.0,17989.40740740741,1102211.0,710674.0,228457.0,53152.0,287247.7037037037,46016.2037037037,0.0,317293.22222222225,238186.0,909496.0,0.0,19984.0,0.0,0.0,0.0,67248.0,5627687.703703703,1456599.6666666667,65954.0,16751.333333333332,3366604.0,334880.3333333333,59419.96296296296,227917.0,58038.22222222222,182778.0,48789.62962962963,103049.88888888889,45394.51851851852,618535.1666666666,3143060.0,628854.074074074,371058.6296296296,333395.74074074073,49898.40740740741,91806.0,0.0,664654.7777777778,590926.9074074074,134161.44444444444,0.0,37525.444444444445,37478.11111111111,338121.48148148146,2082410.0,30908.48148148148,1524509.2962962964,314530.962962963,21410.85185185185,0.0,147761.62962962964,343307.962962963,56845.07407407407,8317.0,2098782.4444444445,97878.33333333333,85753.37037037036,10167.74074074074,94159.37037037036,85581.62962962964,586042.2962962963,173037.61538461538,662122.074074074,82469063.0
8,0.0,7091491.0,17989.40740740741,1336035.0,470055.0,0.0,210357.0,287247.7037037037,46016.2037037037,0.0,317293.22222222225,0.0,2062898.0,0.0,19984.0,358759.0,155158.0,0.0,0.0,5627687.703703703,1456599.6666666667,0.0,16751.333333333332,5448175.0,334880.3333333333,59419.96296296296,97760.0,58038.22222222222,619590.0,48789.62962962963,103049.88888888889,45394.51851851852,618535.1666666666,16982921.0,628854.074074074,371058.6296296296,333395.74074074073,49898.40740740741,248716.0,0.0,664654.7777777778,590926.9074074074,134161.44444444444,0.0,37525.444444444445,37478.11111111111,338121.48148148146,5123035.0,30908.48148148148,1524509.2962962964,314530.962962963,21410.85185185185,0.0,147761.62962962964,343307.962962963,56845.07407407407,8317.0,2098782.4444444445,97878.33333333333,85753.37037037036,10167.74074074074,94159.37037037036,85581.62962962964,586042.2962962963,173037.61538461538,662122.074074074,82469063.0
9,588447.0,8155560.0,17989.40740740741,1737916.0,201138.0,0.0,295857.0,287247.7037037037,46016.2037037037,0.0,317293.22222222225,0.0,2011638.0,0.0,19984.0,427533.0,35916.66265060241,54860.0,0.0,5627687.703703703,1456599.6666666667,0.0,16751.333333333332,6671788.0,334880.3333333333,59419.96296296296,122040.0,58038.22222222222,800563.0,48789.62962962963,103049.88888888889,45394.51851851852,618535.1666666666,21176351.0,628854.074074074,371058.6296296296,333395.74074074073,49898.40740740741,364754.0,0.0,664654.7777777778,590926.9074074074,134161.44444444444,0.0,37525.444444444445,37478.11111111111,338121.48148148146,5887513.0,30908.48148148148,1524509.2962962964,314530.962962963,21410.85185185185,0.0,147761.62962962964,343307.962962963,56845.07407407407,8317.0,2098782.4444444445,97878.33333333333,85753.37037037036,10167.74074074074,94159.37037037036,85581.62962962964,586042.2962962963,173037.61538461538,662122.074074074,82469063.0
10,0.0,3054748.0,17989.40740740741,832334.0,0.0,0.0,0.0,287247.7037037037,46016.2037037037,0.0,317293.22222222225,0.0,1584145.0,0.0,19984.0,376746.0,0.0,0.0,0.0,5627687.703703703,1456599.6666666667,0.0,16751.333333333332,3663531.0,334880.3333333333,59419.96296296296,225832.0,58038.22222222222,4216736.0,48789.62962962963,103049.88888888889,45394.51851851852,618535.1666666666,3031784.0,628854.074074074,371058.6296296296,333395.74074074073,49898.40740740741,0.0,0.0,664654.7777777778,590926.9074074074,134161.44444444444,0.0,37525.444444444445,37478.11111111111,338121.48148148146,2634320.0,30908.48148148148,1524509.2962962964,314530.962962963,21410.85185185185,0.0,147761.62962962964,343307.962962963,56845.07407407407,8317.0,2098782.4444444445,97878.33333333333,85753.37037037036,10167.74074074074,94159.37037037036,85581.62962962964,586042.2962962963,173037.61538461538,662122.074074074,82469063.0
11,0.0,909704.0,17989.40740740741,444238.0,0.0,0.0,0.0,287247.7037037037,46016.2037037037,0.0,317293.22222222225,87526.0,223992.0,0.0,19984.0,151707.0,0.0,0.0,0.0,5627687.703703703,1456599.6666666667,0.0,16751.333333333332,908313.0,334880.3333333333,59419.96296296296,159944.0,58038.22222222222,2056879.0,48789.62962962963,103049.88888888889,45394.51851851852,618535.1666666666,1396969.0,628854.074074074,371058.6296296296,333395.74074074073,49898.40740740741,0.0,0.0,664654.7777777778,590926.9074074074,134161.44444444444,0.0,37525.444444444445,37478.11111111111,338121.48148148146,1868166.0,30908.48148148148,1524509.2962962964,314530.962962963,21410.85185185185,0.0,147761.62962962964,343307.962962963,56845.07407407407,8317.0,2098782.4444444445,97878.33333333333,85753.37037037036,10167.74074074074,94159.37037037036,85581.62962962964,586042.2962962963,173037.61538461538,662122.074074074,82469063.0
12,0.0,2419195.0,17989.40740740741,540199.0,0.0,0.0,0.0,287247.7037037037,46016.2037037037,0.0,317293.22222222225,361484.0,1396163.0,0.0,19984.0,371331.0,0.0,0.0,0.0,5627687.703703703,1456599.6666666667,0.0,16751.333333333332,6978146.0,334880.3333333333,59419.96296296296,158786.0,58038.22222222222,769616.0,48789.62962962963,103049.88888888889,45394.51851851852,618535.1666666666,1430945.0,628854.074074074,371058.6296296296,333395.74074074073,49898.40740740741,0.0,0.0,664654.7777777778,590926.9074074074,134161.44444444444,0.0,37525.444444444445,37478.11111111111,338121.48148148146,2294617.0,30908.48148148148,1524509.2962962964,314530.962962963,21410.85185185185,0.0,147761.62962962964,343307.962962963,56845.07407407407,8317.0,2098782.4444444445,97878.33333333333,85753.37037037036,10167.74074074074,94159.37037037036,85581.62962962964,586042.2962962963,173037.61538461538,662122.074074074,82469063.0
13,0.0,3195134.0,17989.40740740741,877468.0,0.0,0.0,0.0,287247.7037037037,46016.2037037037,0.0,317293.22222222225,218833.0,1330370.0,0.0,19984.0,291548.0,0.0,0.0,0.0,5627687.703703703,1456599.6666666667,0.0,16751.333333333332,2969470.0,334880.3333333333,59419.96296296296,209463.0,58038.22222222222,903640.0,48789.62962962963,103049.88888888889,45394.51851851852,618535.1666666666,3234400.0,628854.074074074,371058.6296296296,333395.74074074073,49898.40740740741,0.0,0.0,664654.7777777778,590926.9074074074,134161.44444444444,0.0,37525.444444444445,37478.11111111111,338121.48148148146,3609299.0,30908.48148148148,1524509.2962962964,314530.962962963,21410.85185185185,0.0,147761.62962962964,343307.962962963,56845.07407407407,8317.0,2098782.4444444445,97878.33333333333,85753.37037037036,10167.74074074074,94159.37037037036,85581.62962962964,586042.2962962963,173037.61538461538,662122.074074074,82469063.0
14,0.0,1208273.0,17989.40740740741,371852.0,0.0,0.0,0.0,287247.7037037037,46016.2037037037,0.0,317293.22222222225,83403.0,878070.0,0.0,19984.0,79387.0,0.0,0.0,0.0,5627687.703703703,1456599.6666666667,0.0,16751.333333333332,1670810.0,334880.3333333333,59419.96296296296,80510.0,58038.22222222222,1103952.0,48789.62962962963,103049.88888888889,45394.51851851852,618535.1666666666,1102412.0,628854.074074074,371058.6296296296,333395.74074074073,49898.40740740741,0.0,0.0,664654.7777777778,590926.9074074074,134161.44444444444,0.0,37525.444444444445,37478.11111111111,338121.48148148146,1607769.0,30908.48148148148,1524509.2962962964,314530.962962963,21410.85185185185,0.0,147761.62962962964,343307.962962963,56845.07407407407,8317.0,2098782.4444444445,97878.33333333333,85753.37037037036,10167.74074074074,94159.37037037036,85581.62962962964,586042.2962962963,173037.61538461538,662122.074074074,82469063.0
15,0.0,3077081.0,17989.40740740741,501780.0,0.0,0.0,0.0,287247.7037037037,46016.2037037037,0.0,317293.22222222225,327621.0,1642725.0,0.0,19984.0,474857.0,0.0,0.0,156927.0,5627687.703703703,1456599.6666666667,0.0,16751.333333333332,7108828.0,334880.3333333333,59419.96296296296,151643.0,58038.22222222222,1112605.0,48789.62962962963,103049.88888888889,45394.51851851852,618535.1666666666,1658255.0,628854.074074074,371058.6296296296,333395.74074074073,49898.40740740741,0.0,0.0,664654.7777777778,590926.9074074074,134161.44444444444,0.0,37525.444444444445,37478.11111111111,338121.48148148146,2005000.0,30908.48148148148,1524509.2962962964,314530.962962963,21410.85185185185,0.0,147761.62962962964,343307.962962963,56845.07407407407,8317.0,2098782.4444444445,97878.33333333333,85753.37037037036,10167.74074074074,94159.37037037036,85581.62962962964,586042.2962962963,173037.61538461538,662122.074074074,82469063.0
16,0.0,1659016.0,17989.40740740741,397547.0,0.0,0.0,0.0,287247.7037037037,46016.2037037037,0.0,317293.22222222225,352289.0,1285637.0,0.0,19984.0,285977.0,0.0,0.0,136592.0,5627687.703703703,1456599.6666666667,0.0,16751.333333333332,5059320.0,334880.3333333333,59419.96296296296,144353.0,58038.22222222222,663436.0,48789.62962962963,103049.88888888889,45394.51851851852,618535.1666666666,1221426.0,628854.074074074,371058.6296296296,333395.74074074073,49898.40740740741,0.0,0.0,664654.7777777778,590926.9074074074,134161.44444444444,0.0,37525.444444444445,37478.11111111111,338121.48148148146,1935396.0,30908.48148148148,1524509.2962962964,314530.962962963,21410.85185185185,0.0,147761.62962962964,343307.962962963,56845.07407407407,8317.0,2098782.4444444445,97878.33333333333,85753.37037037036,10167.74074074074,94159.37037037036,85581.62962962964,586042.2962962963,173037.61538461538,662122.074074074,82469063.0
17,0.0,376521.0,17989.40740740741,73257.0,0.0,0.0,0.0,287247.7037037037,46016.2037037037,0.0,317293.22222222225,117108.1204819277,183205.0,0.0,19984.0,0.0,0.0,0.0,0.0,5627687.703703703,1456599.6666666667,0.0,16751.333333333332,1473831.0,334880.3333333333,59419.96296296296,78843.0,58038.22222222222,502028.0,48789.62962962963,103049.88888888889,45394.51851851852,618535.1666666666,872402.0,628854.074074074,371058.6296296296,333395.74074074073,49898.40740740741,0.0,0.0,664654.7777777778,590926.9074074074,134161.44444444444,0.0,37525.444444444445,37478.11111111111,338121.48148148146,1464647.0,30908.48148148148,1524509.2962962964,314530.962962963,21410.85185185185,0.0,147761.62962962964,343307.962962963,56845.07407407407,8317.0,2098782.4444444445,97878.33333333333,85753.37037037036,10167.74074074074,94159.37037037036,85581.62962962964,586042.2962962963,173037.61538461538,662122.074074074,82469063.0
18,0.0,1910296.0,17989.40740740741,523353.0,0.0,0.0,0.0,287247.7037037037,46016.2037037037,0.0,317293.22222222225,278677.0,1134439.0,0.0,19984.0,285037.0,0.0,0.0,0.0,5627687.703703703,1456599.6666666667,0.0,16751.333333333332,5346823.0,334880.3333333333,59419.96296296296,130274.0,58038.22222222222,568247.0,48789.62962962963,103049.88888888889,45394.51851851852,618535.1666666666,1587138.0,628854.074074074,371058.6296296296,333395.74074074073,49898.40740740741,59939.0,0.0,664654.7777777778,590926.9074074074,134161.44444444444,0.0,37525.444444444445,37478.11111111111,338121.48148148146,1916645.0,30908.48148148148,1524509.2962962964,314530.962962963,21410.85185185185,0.0,147761.62962962964,343307.962962963,56845.07407407407,8317.0,2098782.4444444445,97878.33333333333,85753.37037037036,10167.74074074074,94159.37037037036,85581.62962962964,586042.2962962963,173037.61538461538,662122.074074074,82469063.0
19,0.0,1220898.0,17989.40740740741,500776.0,0.0,0.0,0.0,287247.7037037037,46016.2037037037,0.0,317293.22222222225,188055.0,1013838.0,0.0,19984.0,215072.0,0.0,0.0,101554.0,5627687.703703703,1456599.6666666667,0.0,16751.333333333332,5210015.0,334880.3333333333,59419.96296296296,124215.0,58038.22222222222,351127.0,48789.62962962963,103049.88888888889,45394.51851851852,618535.1666666666,1107698.0,628854.074074074,371058.6296296296,333395.74074074073,49898.40740740741,58151.0,0.0,664654.7777777778,590926.9074074074,134161.44444444444,0.0,37525.444444444445,37478.11111111111,338121.48148148146,1770194.0,30908.48148148148,1524509.2962962964,314530.962962963,21410.85185185185,0.0,147761.62962962964,343307.962962963,56845.07407407407,8317.0,2098782.4444444445,97878.33333333333,85753.37037037036,10167.74074074074,94159.37037037036,85581.62962962964,586042.2962962963,173037.61538461538,662122.074074074,82469063.0
20,0.0,0.0,17989.40740740741,320965.0,0.0,68518.0,0.0,287247.7037037037,46016.2037037037,0.0,317293.22222222225,0.0,0.0,0.0,19984.0,53102.0,0.0,0.0,0.0,5627687.703703703,1456599.6666666667,0.0,16751.333333333332,496920.0,334880.3333333333,59419.96296296296,0.0,58038.22222222222,0.0,48789.62962962963,103049.88888888889,45394.51851851852,618535.1666666666,418770.0,628854.074074074,371058.6296296296,333395.74074074073,49898.40740740741,0.0,0.0,664654.7777777778,590926.9074074074,134161.44444444444,254746.0,37525.444444444445,37478.11111111111,338121.48148148146,1351452.0,30908.48148148148,1524509.2962962964,314530.962962963,21410.85185185185,100676.0,147761.62962962964,343307.962962963,56845.07407407407,8317.0,2098782.4444444445,97878.33333333333,85753.37037037036,10167.74074074074,94159.37037037036,85581.62962962964,586042.2962962963,173037.61538461538,662122.074074074,82469063.0
21,0.0,0.0,17989.40740740741,886309.0,0.0,0.0,0.0,287247.7037037037,46016.2037037037,0.0,317293.22222222225,117584.0,0.0,0.0,19984.0,175955.0,0.0,0.0,0.0,5627687.703703703,1456599.6666666667,0.0,16751.333333333332,1668938.0,334880.3333333333,59419.96296296296,60640.0,58038.22222222222,0.0,48789.62962962963,103049.88888888889,45394.51851851852,618535.1666666666,371188.0,628854.074074074,371058.6296296296,333395.74074074073,49898.40740740741,0.0,0.0,664654.7777777778,590926.9074074074,134161.44444444444,163749.0,37525.444444444445,37478.11111111111,338121.48148148146,1194878.0,30908.48148148148,1524509.2962962964,314530.962962963,21410.85185185185,73312.0,147761.62962962964,343307.962962963,56845.07407407407,8317.0,2098782.4444444445,97878.33333333333,85753.37037037036,10167.74074074074,94159.37037037036,85581.62962962964,586042.2962962963,173037.61538461538,662122.074074074,82469063.0
22,0.0,0.0,17989.40740740741,515572.0,210972.0,657995.0,0.0,287247.7037037037,46016.2037037037,93385.0,317293.22222222225,142709.0,0.0,0.0,19984.0,289375.0,0.0,0.0,0.0,5627687.703703703,1456599.6666666667,0.0,16751.333333333332,2165426.0,334880.3333333333,59419.96296296296,76661.0,58038.22222222222,0.0,48789.62962962963,103049.88888888889,45394.51851851852,618535.1666666666,592075.0,628854.074074074,371058.6296296296,333395.74074074073,49898.40740740741,0.0,88915.0,664654.7777777778,590926.9074074074,134161.44444444444,151718.0,37525.444444444445,37478.11111111111,338121.48148148146,2197007.0,30908.48148148148,1524509.2962962964,314530.962962963,21410.85185185185,90392.0,147761.62962962964,343307.962962963,56845.07407407407,8317.0,2098782.4444444445,97878.33333333333,85753.37037037036,10167.74074074074,94159.37037037036,85581.62962962964,586042.2962962963,173037.61538461538,662122.074074074,82469063.0
23,0.0,0.0,17989.40740740741,868238.0,209747.0,801038.0,0.0,287247.7037037037,46016.2037037037,0.0,317293.22222222225,74742.0,0.0,0.0,19984.0,126650.0,0.0,0.0,0.0,5627687.703703703,1456599.6666666667,0.0,16751.333333333332,1474080.0,334880.3333333333,59419.96296296296,76192.0,58038.22222222222,0.0,48789.62962962963,103049.88888888889,45394.51851851852,618535.1666666666,474163.0,628854.074074074,371058.6296296296,333395.74074074073,49898.40740740741,0.0,91503.0,664654.7777777778,590926.9074074074,134161.44444444444,145130.0,37525.444444444445,37478.11111111111,338121.48148148146,1680536.0,30908.48148148148,1524509.2962962964,314530.962962963,21410.85185185185,77499.0,147761.62962962964,343307.962962963,56845.07407407407,8317.0,2098782.4444444445,97878.33333333333,85753.37037037036,10167.74074074074,94159.37037037036,85581.62962962964,586042.2962962963,173037.61538461538,662122.074074074,82469063.0
24,0.0,0.0,17989.40740740741,0.0,0.0,0.0,0.0,287247.7037037037,46016.2037037037,79278.0,317293.22222222225,153016.0,0.0,0.0,19984.0,85438.0,0.0,0.0,0.0,5627687.703703703,1456599.6666666667,0.0,16751.333333333332,1217896.0,334880.3333333333,59419.96296296296,0.0,58038.22222222222,0.0,48789.62962962963,103049.88888888889,45394.51851851852,618535.1666666666,1692269.0,628854.074074074,371058.6296296296,333395.74074074073,49898.40740740741,0.0,97916.0,664654.7777777778,590926.9074074074,134161.44444444444,0.0,37525.444444444445,37478.11111111111,338121.48148148146,2095493.0,30908.48148148148,1524509.2962962964,314530.962962963,21410.85185185185,0.0,147761.62962962964,343307.962962963,56845.07407407407,8317.0,2098782.4444444445,97878.33333333333,85753.37037037036,10167.74074074074,94159.37037037036,85581.62962962964,586042.2962962963,173037.61538461538,662122.074074074,82469063.0
25,0.0,0.0,17989.40740740741,840146.0,156567.0,1309090.0,103953.0,287247.7037037037,46016.2037037037,0.0,317293.22222222225,202591.0,0.0,0.0,19984.0,263104.0,0.0,0.0,0.0,5627687.703703703,1456599.6666666667,0.0,16751.333333333332,6782307.0,334880.3333333333,59419.96296296296,115518.0,58038.22222222222,0.0,48789.62962962963,103049.88888888889,45394.51851851852,618535.1666666666,496592.0,628854.074074074,371058.6296296296,333395.74074074073,49898.40740740741,0.0,0.0,664654.7777777778,590926.9074074074,134161.44444444444,191311.0,37525.444444444445,37478.11111111111,338121.48148148146,2072718.0,30908.48148148148,1524509.2962962964,314530.962962963,21410.85185185185,84674.0,147761.62962962964,343307.962962963,56845.07407407407,8317.0,2098782.4444444445,97878.33333333333,85753.37037037036,10167.74074074074,94159.37037037036,85581.62962962964,586042.2962962963,173037.61538461538,662122.074074074,82469063.0
26,0.0,0.0,17989.40740740741,1392228.0,245113.0,1062848.0,50444.0,287247.7037037037,46016.2037037037,0.0,317293.22222222225,137363.0,0.0,56785.0,19984.0,154327.0,0.0,0.0,0.0,5627687.703703703,1456599.6666666667,0.0,16751.333333333332,6262223.0,334880.3333333333,59419.96296296296,90093.0,58038.22222222222,0.0,48789.62962962963,103049.88888888889,45394.51851851852,618535.1666666666,368583.0,628854.074074074,371058.6296296296,333395.74074074073,49898.40740740741,0.0,0.0,664654.7777777778,590926.9074074074,134161.44444444444,140391.0,37525.444444444445,37478.11111111111,338121.48148148146,1410480.0,30908.48148148148,1524509.2962962964,314530.962962963,21410.85185185185,71006.0,147761.62962962964,343307.962962963,56845.07407407407,8317.0,2098782.4444444445,97878.33333333333,85753.37037037036,10167.74074074074,94159.37037037036,85581.62962962964,586042.2962962963,173037.61538461538,662122.074074074,82469063.0
27,0.0,0.0,17989.40740740741,785128.0,66082.0,1309090.0,105840.0,287247.7037037037,46016.2037037037,0.0,317293.22222222225,210770.0,0.0,0.0,19984.0,309708.0,0.0,0.0,0.0,5627687.703703703,1456599.6666666667,0.0,16751.333333333332,7761468.0,334880.3333333333,59419.96296296296,105557.0,58038.22222222222,0.0,48789.62962962963,103049.88888888889,45394.51851851852,618535.1666666666,458677.0,628854.074074074,371058.6296296296,333395.74074074073,49898.40740740741,0.0,0.0,664654.7777777778,590926.9074074074,134161.44444444444,150201.0,37525.444444444445,37478.11111111111,338121.48148148146,2007991.0,30908.48148148148,1524509.2962962964,314530.962962963,21410.85185185185,73337.0,147761.62962962964,343307.962962963,56845.07407407407,8317.0,2098782.4444444445,97878.33333333333,85753.37037037036,10167.74074074074,94159.37037037036,85581.62962962964,586042.2962962963,173037.61538461538,662122.074074074,82469063.0
28,0.0,0.0,17989.40740740741,1526229.0,548037.0,610468.0,71194.0,287247.7037037037,46016.2037037037,0.0,317293.22222222225,130858.0,0.0,75813.0,19984.0,207946.0,0.0,0.0,0.0,5627687.703703703,1456599.6666666667,0.0,16751.333333333332,7084113.0,334880.3333333333,59419.96296296296,127324.0,58038.22222222222,0.0,48789.62962962963,103049.88888888889,45394.51851851852,618535.1666666666,433399.0,628854.074074074,371058.6296296296,333395.74074074073,49898.40740740741,0.0,0.0,664654.7777777778,590926.9074074074,134161.44444444444,115261.0,37525.444444444445,37478.11111111111,338121.48148148146,1746404.0,30908.48148148148,1524509.2962962964,314530.962962963,21410.85185185185,71048.0,147761.62962962964,343307.962962963,56845.07407407407,8317.0,2098782.4444444445,97878.33333333333,85753.37037037036,10167.74074074074,94159.37037037036,85581.62962962964,586042.2962962963,173037.61538461538,662122.074074074,82469063.0
29,0.0,0.0,17989.40740740741,0.0,0.0,0.0,0.0,287247.7037037037,46016.2037037037,0.0,317293.22222222225,135461.0,0.0,0.0,19984.0,530923.0,0.0,0.0,0.0,5627687.703703703,1456599.6666666667,0.0,16751.333333333332,13087905.0,334880.3333333333,59419.96296296296,0.0,58038.22222222222,0.0,48789.62962962963,103049.88888888889,45394.51851851852,618535.1666666666,2426632.0,628854.074074074,371058.6296296296,333395.74074074073,49898.40740740741,96723.0,245699.0,664654.7777777778,590926.9074074074,134161.44444444444,0.0,37525.444444444445,37478.11111111111,338121.48148148146,2891556.0,30908.48148148148,1524509.2962962964,314530.962962963,21410.85185185185,0.0,147761.62962962964,343307.962962963,56845.07407407407,8317.0,2098782.4444444445,97878.33333333333,85753.37037037036,10167.74074074074,94159.37037037036,85581.62962962964,586042.2962962963,173037.61538461538,662122.074074074,82469063.0
30,72782.0,119451.0,17989.40740740741,217717.0,0.0,0.0,80981.0,0.0,0.0,0.0,317293.22222222225,83263.0,713709.4333333333,39797.61403508772,19984.0,218656.0,0.0,360410.0,19126.2,1836055.0,0.0,0.0,0.0,8963819.0,414750.0,0.0,0.0,0.0,0.0,48789.62962962963,139532.0,0.0,99765.0,3241608.0701754387,226327.0,616220.0,596960.0,0.0,57874.07142857143,20034.1,664654.7777777778,0.0,0.0,43750.23333333333,37525.444444444445,37478.11111111111,0.0,2403459.033333333,30908.48148148148,1524509.2962962964,314530.962962963,21410.85185185185,21398.133333333335,147761.62962962964,0.0,56845.07407407407,8317.0,2098782.4444444445,97878.33333333333,85753.37037037036,10167.74074074074,94159.37037037036,85581.62962962964,586042.2962962963,173037.61538461538,662122.074074074,82469063.0
31,158092.0,0.0,17989.40740740741,449020.0,0.0,0.0,295319.0,0.0,0.0,260184.0,317293.22222222225,113029.0,713709.4333333333,39797.61403508772,19984.0,63315.0,79679.0,0.0,19126.2,4758693.0,1342754.0,0.0,78229.0,5020894.0,259349.0,0.0,75599.0,0.0,0.0,48789.62962962963,99188.0,0.0,136543.0,3241608.0701754387,243982.0,720171.0,534705.0,0.0,57874.07142857143,20034.1,664654.7777777778,105669.0,0.0,43750.23333333333,37525.444444444445,37478.11111111111,119961.0,2403459.033333333,30908.48148148148,1524509.2962962964,314530.962962963,21410.85185185185,21398.133333333335,147761.62962962964,0.0,56845.07407407407,8317.0,2098782.4444444445,97878.33333333333,85753.37037037036,10167.74074074074,94159.37037037036,85581.62962962964,586042.2962962963,173037.61538461538,662122.074074074,82469063.0
32,154266.0,2755630.0,17989.40740740741,2741250.0,0.0,0.0,111457.0,0.0,0.0,138973.0,317293.22222222225,221152.0,713709.4333333333,39797.61403508772,19984.0,0.0,80637.0,250118.0,19126.2,3243667.0,1956541.0,328075.0,128560.0,11793571.0,519476.0,60571.0,220444.0,0.0,0.0,48789.62962962963,50123.0,0.0,1245017.0,3241608.0701754387,236940.0,767151.0,699348.0,0.0,57874.07142857143,20034.1,664654.7777777778,423357.0,0.0,43750.23333333333,37525.444444444445,37478.11111111111,220303.0,2403459.033333333,30908.48148148148,1524509.2962962964,314530.962962963,21410.85185185185,21398.133333333335,147761.62962962964,0.0,56845.07407407407,8317.0,2098782.4444444445,97878.33333333333,85753.37037037036,10167.74074074074,94159.37037037036,85581.62962962964,586042.2962962963,173037.61538461538,662122.074074074,82469063.0
33,165447.0,2864780.0,17989.40740740741,229514.0,0.0,0.0,0.0,0.0,0.0,206705.0,317293.22222222225,114655.0,713709.4333333333,39797.61403508772,19984.0,164087.0,108080.0,213643.0,19126.2,2178787.0,2501751.0,0.0,0.0,13739133.0,270080.0,0.0,160189.0,0.0,0.0,48789.62962962963,151978.0,0.0,976709.0,3241608.0701754387,919278.0,766601.0,513983.0,0.0,57874.07142857143,20034.1,664654.7777777778,653601.0,0.0,43750.23333333333,37525.444444444445,37478.11111111111,822512.0,2403459.033333333,30908.48148148148,1524509.2962962964,314530.962962963,21410.85185185185,21398.133333333335,147761.62962962964,62602.0,56845.07407407407,8317.0,2098782.4444444445,97878.33333333333,85753.37037037036,10167.74074074074,94159.37037037036,85581.62962962964,586042.2962962963,173037.61538461538,662122.074074074,82469063.0
34,257291.0,2979582.0,17989.40740740741,0.0,0.0,0.0,0.0,0.0,0.0,216432.0,317293.22222222225,94646.0,713709.4333333333,39797.61403508772,19984.0,218357.0,0.0,493008.0,19126.2,3249923.0,1751337.0,146266.0,153234.0,12346889.0,237442.0,90067.0,92165.0,0.0,155690.0,48789.62962962963,65690.0,0.0,2229916.0,3241608.0701754387,2173133.0,862790.0,709941.0,0.0,57874.07142857143,20034.1,664654.7777777778,517587.0,0.0,43750.23333333333,37525.444444444445,37478.11111111111,494295.0,2403459.033333333,30908.48148148148,1524509.2962962964,314530.962962963,21410.85185185185,21398.133333333335,147761.62962962964,72073.0,56845.07407407407,8317.0,2098782.4444444445,97878.33333333333,85753.37037037036,10167.74074074074,94159.37037037036,85581.62962962964,586042.2962962963,173037.61538461538,662122.074074074,82469063.0
35,0.0,123501.0,17989.40740740741,405146.0,552437.0,0.0,0.0,0.0,0.0,0.0,317293.22222222225,0.0,713709.4333333333,39797.61403508772,19984.0,246595.0,0.0,528402.0,19126.2,1400568.0,0.0,0.0,0.0,10672383.0,322861.0,0.0,0.0,0.0,0.0,48789.62962962963,230084.0,0.0,280508.0,3241608.0701754387,417596.0,315631.0,436851.0,0.0,57874.07142857143,20034.1,664654.7777777778,332309.0,0.0,43750.23333333333,37525.444444444445,37478.11111111111,458202.0,2403459.033333333,30908.48148148148,1524509.2962962964,314530.962962963,21410.85185185185,21398.133333333335,147761.62962962964,146708.0,56845.07407407407,8317.0,2098782.4444444445,97878.33333333333,85753.37037037036,10167.74074074074,94159.37037037036,85581.62962962964,586042.2962962963,173037.61538461538,662122.074074074,82469063.0
36,245490.0,5398605.0,17989.40740740741,738399.0,0.0,0.0,171282.0,0.0,0.0,331291.0,317293.22222222225,0.0,713709.4333333333,39797.61403508772,19984.0,213899.0,0.0,0.0,19126.2,7765793.0,3059172.0,0.0,0.0,9037455.0,201412.0,0.0,421872.0,0.0,204783.0,48789.62962962963,0.0,0.0,2654044.0,3241608.0701754387,2526340.0,443382.0,520750.0,0.0,57874.07142857143,20034.1,664654.7777777778,834807.0,0.0,43750.23333333333,37525.444444444445,37478.11111111111,1265320.0,2403459.033333333,30908.48148148148,1524509.2962962964,314530.962962963,21410.85185185185,21398.133333333335,147761.62962962964,133733.0,56845.07407407407,8317.0,2098782.4444444445,97878.33333333333,85753.37037037036,10167.74074074074,94159.37037037036,85581.62962962964,586042.2962962963,173037.61538461538,662122.074074074,82469063.0
37,464030.0,1418380.0,17989.40740740741,2816991.0,919172.0,0.0,0.0,0.0,0.0,186812.0,317293.22222222225,195548.0,713709.4333333333,39797.61403508772,19984.0,253310.0,0.0,603395.0,19126.2,4007625.0,1383807.0,173245.0,0.0,10928654.0,445853.0,0.0,704490.0,0.0,0.0,48789.62962962963,299340.0,0.0,1902515.0,3241608.0701754387,177301.0,326505.0,446231.0,0.0,57874.07142857143,20034.1,664654.7777777778,1504377.0,0.0,43750.23333333333,37525.444444444445,37478.11111111111,0.0,2403459.033333333,30908.48148148148,1524509.2962962964,314530.962962963,21410.85185185185,21398.133333333335,147761.62962962964,187550.0,56845.07407407407,8317.0,2098782.4444444445,97878.33333333333,85753.37037037036,10167.74074074074,94159.37037037036,85581.62962962964,586042.2962962963,173037.61538461538,662122.074074074,82469063.0
38,0.0,1132339.0,17989.40740740741,601736.0,0.0,0.0,0.0,0.0,0.0,186812.0,317293.22222222225,0.0,713709.4333333333,39797.61403508772,19984.0,0.0,0.0,0.0,19126.2,9898560.0,2140101.0,0.0,0.0,9724620.0,358783.0,0.0,280708.0,0.0,0.0,48789.62962962963,0.0,0.0,2056831.0,3241608.0701754387,1341480.0,431146.0,371797.0,0.0,57874.07142857143,20034.1,664654.7777777778,1414962.0,0.0,43750.23333333333,37525.444444444445,37478.11111111111,1475968.0,2403459.033333333,30908.48148148148,1524509.2962962964,314530.962962963,21410.85185185185,21398.133333333335,147761.62962962964,263572.0,56845.07407407407,8317.0,2098782.4444444445,97878.33333333333,85753.37037037036,10167.74074074074,94159.37037037036,85581.62962962964,586042.2962962963,173037.61538461538,662122.074074074,82469063.0
39,216975.0,1972423.0,17989.40740740741,601858.0,0.0,0.0,153432.0,0.0,0.0,297159.0,317293.22222222225,154471.0,713709.4333333333,39797.61403508772,19984.0,0.0,0.0,0.0,19126.2,9991209.0,1924978.0,0.0,0.0,11098959.0,283587.0,0.0,357840.0,0.0,0.0,48789.62962962963,0.0,0.0,653072.0,3241608.0701754387,2038751.0,469015.0,476178.0,0.0,57874.07142857143,20034.1,664654.7777777778,1644906.0,0.0,43750.23333333333,37525.444444444445,37478.11111111111,2030548.0,2403459.033333333,30908.48148148148,1524509.2962962964,314530.962962963,21410.85185185185,21398.133333333335,147761.62962962964,174715.0,56845.07407407407,8317.0,2098782.4444444445,97878.33333333333,85753.37037037036,10167.74074074074,94159.37037037036,85581.62962962964,586042.2962962963,173037.61538461538,662122.074074074,82469063.0
40,0.0,0.0,17989.40740740741,4593791.0,2992449.0,0.0,759098.0,485375.0,0.0,216150.0,317293.22222222225,348919.0,713709.4333333333,39797.61403508772,19984.0,380392.0,302615.0,1287201.0,19126.2,8342977.0,2234272.0,224725.0,0.0,4257835.0,0.0,277538.0,586549.0,0.0,0.0,48789.62962962963,0.0,0.0,499357.0,3241608.0701754387,0.0,389023.0,0.0,0.0,57874.07142857143,20034.1,664654.7777777778,997986.0,0.0,43750.23333333333,37525.444444444445,37478.11111111111,336517.0,2403459.033333333,30908.48148148148,1524509.2962962964,314530.962962963,21410.85185185185,21398.133333333335,147761.62962962964,0.0,56845.07407407407,8317.0,2098782.4444444445,97878.33333333333,85753.37037037036,10167.74074074074,94159.37037037036,85581.62962962964,586042.2962962963,173037.61538461538,662122.074074074,82469063.0
41,0.0,2100747.0,17989.40740740741,1556357.0,0.0,0.0,0.0,376964.0,0.0,0.0,317293.22222222225,227796.0,713709.4333333333,39797.61403508772,19984.0,282434.0,0.0,0.0,19126.2,2459069.0,1433351.0,290026.0,265644.0,13725691.0,673230.0,159405.0,0.0,0.0,0.0,48789.62962962963,158021.0,0.0,560505.0,3241608.0701754387,0.0,546083.0,391414.0,0.0,57874.07142857143,20034.1,664654.7777777778,849044.0,0.0,43750.23333333333,37525.444444444445,37478.11111111111,161420.0,2403459.033333333,30908.48148148148,1524509.2962962964,314530.962962963,21410.85185185185,21398.133333333335,147761.62962962964,121447.0,56845.07407407407,8317.0,2098782.4444444445,97878.33333333333,85753.37037037036,10167.74074074074,94159.37037037036,85581.62962962964,586042.2962962963,173037.61538461538,662122.074074074,82469063.0
42,0.0,0.0,17989.40740740741,818478.0,952843.0,0.0,0.0,652996.0,0.0,440817.0,317293.22222222225,172824.0,713709.4333333333,39797.61403508772,19984.0,0.0,0.0,295691.0,19126.2,6362319.0,3105858.0,0.0,0.0,2006588.0,411246.0,0.0,0.0,0.0,0.0,48789.62962962963,0.0,0.0,159552.0,3241608.0701754387,0.0,213409.0,0.0,0.0,57874.07142857143,20034.1,664654.7777777778,290081.0,0.0,43750.23333333333,37525.444444444445,37478.11111111111,0.0,2403459.033333333,30908.48148148148,1524509.2962962964,314530.962962963,21410.85185185185,21398.133333333335,147761.62962962964,109399.0,56845.07407407407,8317.0,2098782.4444444445,97878.33333333333,85753.37037037036,10167.74074074074,94159.37037037036,85581.62962962964,586042.2962962963,173037.61538461538,662122.074074074,82469063.0
43,0.0,0.0,17989.40740740741,925725.0,872643.0,0.0,0.0,841665.0,0.0,634921.0,317293.22222222225,285764.0,713709.4333333333,39797.61403508772,19984.0,0.0,93933.0,385151.0,19126.2,4710524.0,1478897.0,0.0,160587.0,896822.0,443795.0,109969.0,0.0,0.0,0.0,48789.62962962963,0.0,0.0,0.0,3241608.0701754387,0.0,161968.0,0.0,0.0,57874.07142857143,20034.1,664654.7777777778,95115.0,0.0,43750.23333333333,37525.444444444445,37478.11111111111,0.0,2403459.033333333,30908.48148148148,1524509.2962962964,314530.962962963,21410.85185185185,21398.133333333335,147761.62962962964,67823.0,56845.07407407407,8317.0,2098782.4444444445,97878.33333333333,85753.37037037036,10167.74074074074,94159.37037037036,85581.62962962964,586042.2962962963,173037.61538461538,662122.074074074,82469063.0
44,0.0,0.0,17989.40740740741,635916.0,564067.0,0.0,0.0,0.0,0.0,0.0,317293.22222222225,85577.0,713709.4333333333,39797.61403508772,19984.0,60927.0,0.0,170196.0,19126.2,1546224.0,0.0,0.0,0.0,1243337.0,89553.0,0.0,0.0,0.0,0.0,48789.62962962963,0.0,0.0,301572.0,3241608.0701754387,56849.0,103804.0,0.0,0.0,57874.07142857143,20034.1,664654.7777777778,352609.0,0.0,43750.23333333333,37525.444444444445,37478.11111111111,151796.0,2403459.033333333,30908.48148148148,1524509.2962962964,314530.962962963,21410.85185185185,21398.133333333335,147761.62962962964,99558.0,56845.07407407407,8317.0,2098782.4444444445,97878.33333333333,85753.37037037036,10167.74074074074,94159.37037037036,85581.62962962964,586042.2962962963,173037.61538461538,662122.074074074,82469063.0
45,0.0,0.0,17989.40740740741,1443975.0,0.0,0.0,0.0,719792.0,214722.0,290888.0,317293.22222222225,308465.0,713709.4333333333,39797.61403508772,19984.0,0.0,0.0,309470.0,19126.2,11316169.0,0.0,144220.0,0.0,1592331.0,186653.0,0.0,0.0,301551.0,0.0,48789.62962962963,0.0,0.0,1275136.0,3241608.0701754387,373646.0,142532.0,0.0,0.0,57874.07142857143,20034.1,664654.7777777778,1257669.0,0.0,43750.23333333333,37525.444444444445,37478.11111111111,482499.0,2403459.033333333,30908.48148148148,1524509.2962962964,314530.962962963,21410.85185185185,21398.133333333335,147761.62962962964,553094.0,56845.07407407407,8317.0,2098782.4444444445,97878.33333333333,85753.37037037036,10167.74074074074,94159.37037037036,85581.62962962964,586042.2962962963,173037.61538461538,662122.074074074,82469063.0
46,0.0,0.0,17989.40740740741,430258.0,1105838.0,0.0,0.0,1341476.0,0.0,553733.0,317293.22222222225,173497.0,713709.4333333333,39797.61403508772,19984.0,0.0,0.0,451246.0,19126.2,6330153.0,0.0,0.0,0.0,6970540.0,178945.0,0.0,0.0,171424.0,0.0,48789.62962962963,0.0,0.0,198681.0,3241608.0701754387,306951.0,408522.0,0.0,0.0,57874.07142857143,20034.1,664654.7777777778,287829.0,0.0,43750.23333333333,37525.444444444445,37478.11111111111,0.0,2403459.033333333,30908.48148148148,1524509.2962962964,314530.962962963,21410.85185185185,21398.133333333335,147761.62962962964,439975.0,56845.07407407407,8317.0,2098782.4444444445,97878.33333333333,85753.37037037036,10167.74074074074,94159.37037037036,85581.62962962964,586042.2962962963,173037.61538461538,662122.074074074,82469063.0
47,0.0,71200.0,17989.40740740741,612393.0,920844.0,0.0,0.0,1437190.0,149294.0,608115.0,317293.22222222225,267753.0,713709.4333333333,39797.61403508772,19984.0,114084.0,0.0,282138.0,19126.2,10477684.0,0.0,88040.0,0.0,2274161.0,197864.0,130510.0,100140.0,254571.0,0.0,48789.62962962963,0.0,0.0,265616.0,3241608.0701754387,198782.0,153817.0,0.0,0.0,57874.07142857143,20034.1,664654.7777777778,178546.0,0.0,43750.23333333333,37525.444444444445,37478.11111111111,59911.0,2403459.033333333,30908.48148148148,1524509.2962962964,314530.962962963,21410.85185185185,21398.133333333335,147761.62962962964,516248.0,56845.07407407407,8317.0,2098782.4444444445,97878.33333333333,85753.37037037036,10167.74074074074,94159.37037037036,85581.62962962964,586042.2962962963,173037.61538461538,662122.074074074,82469063.0
48,0.0,0.0,17989.40740740741,521478.0,726757.0,0.0,0.0,1098813.0,0.0,539042.0,317293.22222222225,185840.0,713709.4333333333,39797.61403508772,19984.0,125236.0,50818.0,229256.0,19126.2,8408280.0,0.0,0.0,0.0,2006092.0,106432.0,85656.0,82100.0,277327.0,0.0,48789.62962962963,0.0,0.0,381346.0,3241608.0701754387,53306.0,83078.0,0.0,0.0,57874.07142857143,20034.1,664654.7777777778,195093.0,0.0,43750.23333333333,37525.444444444445,37478.11111111111,0.0,2403459.033333333,30908.48148148148,1524509.2962962964,314530.962962963,21410.85185185185,21398.133333333335,147761.62962962964,362422.0,56845.07407407407,8317.0,2098782.4444444445,97878.33333333333,85753.37037037036,10167.74074074074,94159.37037037036,85581.62962962964,586042.2962962963,173037.61538461538,662122.074074074,82469063.0
49,0.0,0.0,17989.40740740741,1257192.0,0.0,0.0,0.0,691874.0,196600.0,264088.0,317293.22222222225,325764.0,713709.4333333333,39797.61403508772,19984.0,106088.0,77304.0,313564.0,19126.2,6122284.0,0.0,199717.0,0.0,2050926.0,153090.0,183690.0,132599.0,347183.0,0.0,48789.62962962963,0.0,0.0,1766587.0,3241608.0701754387,422604.0,143921.0,0.0,0.0,57874.07142857143,20034.1,664654.7777777778,1411966.0,0.0,43750.23333333333,37525.444444444445,37478.11111111111,384342.0,2403459.033333333,30908.48148148148,1524509.2962962964,314530.962962963,21410.85185185185,21398.133333333335,147761.62962962964,569141.0,56845.07407407407,8317.0,2098782.4444444445,97878.33333333333,85753.37037037036,10167.74074074074,94159.37037037036,85581.62962962964,586042.2962962963,173037.61538461538,662122.074074074,82469063.0
50,102838.0,407274.0,17989.40740740741,312919.0,416155.0,878501.0,0.0,0.0,0.0,0.0,317293.22222222225,180978.0,713709.4333333333,39797.61403508772,19984.0,613288.0,0.0,1220117.0,19126.2,1089098.0,297541.0,0.0,0.0,37125000.0,1013976.0,66660.0,94665.0,0.0,0.0,48789.62962962963,590669.0,254736.0,77440.0,3241608.0701754387,315708.0,296002.0,437807.0,50895.0,57874.07142857143,20034.1,664654.7777777778,0.0,85303.0,43750.23333333333,37525.444444444445,37478.11111111111,220455.0,2403459.033333333,30908.48148148148,1524509.2962962964,314530.962962963,21410.85185185185,21398.133333333335,147761.62962962964,0.0,56845.07407407407,8317.0,2098782.4444444445,97878.33333333333,85753.37037037036,10167.74074074074,94159.37037037036,85581.62962962964,586042.2962962963,173037.61538461538,662122.074074074,82469063.0
51,366196.0,105844.0,17989.40740740741,922111.0,405410.0,1044023.0,0.0,0.0,0.0,0.0,317293.22222222225,350140.0,713709.4333333333,39797.61403508772,19984.0,533119.0,138682.0,1405586.0,19126.2,1586875.0,1330842.0,131327.0,0.0,25630541.0,922092.0,84463.0,138407.0,0.0,0.0,48789.62962962963,174814.0,237817.0,174811.0,3241608.0701754387,364610.0,348566.0,501438.0,57295.0,57874.07142857143,20034.1,664654.7777777778,95420.0,129277.0,43750.23333333333,37525.444444444445,37478.11111111111,327898.0,2403459.033333333,30908.48148148148,1524509.2962962964,314530.962962963,21410.85185185185,21398.133333333335,147761.62962962964,0.0,56845.07407407407,8317.0,2098782.4444444445,97878.33333333333,85753.37037037036,10167.74074074074,94159.37037037036,85581.62962962964,586042.2962962963,173037.61538461538,662122.074074074,82469063.0
52,168119.0,201974.0,17989.40740740741,790827.0,185434.0,920649.0,0.0,0.0,0.0,0.0,317293.22222222225,120517.0,713709.4333333333,39797.61403508772,19984.0,358184.0,96881.0,1206319.0,19126.2,0.0,292562.0,0.0,0.0,28478038.0,647846.0,53945.0,123534.0,0.0,0.0,48789.62962962963,153504.0,222587.0,360272.0,3241608.0701754387,437056.0,361440.0,600925.0,65646.0,57874.07142857143,20034.1,664654.7777777778,266974.0,128608.0,43750.23333333333,37525.444444444445,37478.11111111111,430422.0,2403459.033333333,30908.48148148148,1524509.2962962964,314530.962962963,21410.85185185185,21398.133333333335,147761.62962962964,284883.0,56845.07407407407,8317.0,2098782.4444444445,97878.33333333333,85753.37037037036,10167.74074074074,94159.37037037036,85581.62962962964,586042.2962962963,173037.61538461538,662122.074074074,82469063.0
53,0.0,100302.0,17989.40740740741,484660.0,454496.0,524710.0,0.0,0.0,0.0,0.0,317293.22222222225,96861.0,713709.4333333333,39797.61403508772,19984.0,528587.0,61466.0,768442.0,19126.2,2178707.0,546953.0,0.0,0.0,18337136.0,409427.0,0.0,81767.0,0.0,0.0,48789.62962962963,323499.0,167137.0,463341.0,3241608.0701754387,428548.0,267344.0,438524.0,0.0,57874.07142857143,20034.1,664654.7777777778,586721.0,133784.0,43750.23333333333,37525.444444444445,37478.11111111111,617888.0,2403459.033333333,30908.48148148148,1524509.2962962964,314530.962962963,21410.85185185185,21398.133333333335,147761.62962962964,551104.0,56845.07407407407,8317.0,2098782.4444444445,97878.33333333333,85753.37037037036,10167.74074074074,94159.37037037036,85581.62962962964,586042.2962962963,173037.61538461538,662122.074074074,82469063.0
54,224198.0,213164.0,17989.40740740741,809906.0,706936.0,932763.0,0.0,0.0,0.0,0.0,317293.22222222225,203944.0,713709.4333333333,39797.61403508772,19984.0,436552.0,0.0,1209988.0,19126.2,12921628.0,0.0,83664.0,0.0,18573029.0,91195.0,131925.0,141355.0,115156.0,0.0,48789.62962962963,173217.0,119002.0,525712.0,3241608.0701754387,1285724.0,142353.0,424489.0,79448.0,57874.07142857143,20034.1,664654.7777777778,4396492.0,111623.0,43750.23333333333,37525.444444444445,37478.11111111111,2800635.0,2403459.033333333,30908.48148148148,1524509.2962962964,314530.962962963,21410.85185185185,21398.133333333335,147761.62962962964,1528228.0,56845.07407407407,8317.0,2098782.4444444445,97878.33333333333,85753.37037037036,10167.74074074074,94159.37037037036,85581.62962962964,586042.2962962963,173037.61538461538,662122.074074074,82469063.0
55,191043.0,113006.0,17989.40740740741,531903.0,512688.0,1026786.0,0.0,0.0,0.0,0.0,317293.22222222225,236598.0,713709.4333333333,39797.61403508772,19984.0,492060.0,64027.0,2282603.0,19126.2,7584736.0,0.0,182915.0,0.0,24462435.0,114948.0,88116.0,71410.0,99820.0,0.0,48789.62962962963,172688.0,125798.0,524913.0,3241608.0701754387,1297487.0,383895.0,621874.0,55187.0,57874.07142857143,20034.1,664654.7777777778,1447782.0,81423.0,43750.23333333333,37525.444444444445,37478.11111111111,3287479.0,2403459.033333333,30908.48148148148,1524509.2962962964,314530.962962963,21410.85185185185,21398.133333333335,147761.62962962964,1937240.0,56845.07407407407,8317.0,2098782.4444444445,97878.33333333333,85753.37037037036,10167.74074074074,94159.37037037036,85581.62962962964,586042.2962962963,173037.61538461538,662122.074074074,82469063.0
56,0.0,100112.0,17989.40740740741,219493.0,0.0,0.0,0.0,109543.0,173727.0,0.0,317293.22222222225,164078.0,713709.4333333333,39797.61403508772,19984.0,0.0,76978.0,585679.0,19126.2,12179961.0,629727.0,0.0,0.0,10710622.0,87884.0,116106.0,83352.0,0.0,0.0,48789.62962962963,0.0,98575.0,727805.0,3241608.0701754387,1136661.0,154214.0,278470.0,54359.0,57874.07142857143,20034.1,664654.7777777778,1031358.0,0.0,43750.23333333333,37525.444444444445,37478.11111111111,260136.0,2403459.033333333,30908.48148148148,1524509.2962962964,314530.962962963,21410.85185185185,21398.133333333335,147761.62962962964,1087800.0,56845.07407407407,8317.0,2098782.4444444445,97878.33333333333,85753.37037037036,10167.74074074074,94159.37037037036,85581.62962962964,586042.2962962963,173037.61538461538,662122.074074074,82469063.0
57,1335746.0,10739591.0,127719.0,3891622.0,664734.0,218195.56140350876,353713.0,287247.7037037037,138071.0,97276.9298245614,0.0,154284.0,713709.4333333333,149124.0,105966.0,636845.0,173087.0,265630.649122807,19126.2,5627687.703703703,5985957.0,408380.0,0.0,12137381.0,334880.3333333333,204993.0,715127.0,58038.22222222222,203554.0,186787.0,103049.88888888889,45394.51851851852,308038.0,5449509.0,628854.074074074,371058.6296296296,333395.74074074073,145400.0,108830.0,20034.1,1303753.0,428336.0,584398.0,43750.23333333333,0.0,51900.0,0.0,2403459.033333333,0.0,1120106.0,96559.0,0.0,21398.133333333335,219638.0,343307.962962963,0.0,0.0,1087630.0,0.0,0.0,0.0,0.0,0.0,1119579.0,0.0,1061325.0,10282706.0
58,1077717.0,7443452.0,99116.0,2439108.0,522829.0,218195.56140350876,152483.0,287247.7037037037,0.0,97276.9298245614,0.0,112048.0,713709.4333333333,113513.0,86354.0,392103.0,110047.0,265630.649122807,19126.2,5627687.703703703,3989960.0,252076.0,0.0,7723728.0,334880.3333333333,92508.0,415206.0,58038.22222222222,168148.0,85904.0,103049.88888888889,45394.51851851852,383685.0,2069148.0,628854.074074074,371058.6296296296,333395.74074074073,99866.0,0.0,20034.1,1124989.0,623212.0,324415.0,43750.23333333333,173839.0,101263.0,0.0,2403459.033333333,0.0,2260282.0,303186.0,68203.0,21398.133333333335,202598.0,343307.962962963,0.0,0.0,2533698.0,0.0,68658.0,0.0,400513.0,0.0,979951.0,0.0,650859.0,106378505.0
59,893609.0,6250253.0,83418.0,2314358.0,524002.0,218195.56140350876,135522.0,287247.7037037037,82601.0,97276.9298245614,0.0,88526.0,713709.4333333333,95518.0,67095.0,275232.0,76816.0,265630.649122807,19126.2,5627687.703703703,3174018.0,250529.0,0.0,6210576.0,334880.3333333333,108991.0,407557.0,58038.22222222222,118337.0,106202.0,103049.88888888889,45394.51851851852,394008.0,3316273.0,628854.074074074,371058.6296296296,333395.74074074073,95894.0,0.0,20034.1,1238561.0,712079.0,328561.0,43750.23333333333,161042.0,178266.0,0.0,2403459.033333333,0.0,2407249.0,446725.0,123501.0,21398.133333333335,211215.0,343307.962962963,70060.0,113303.0,3621289.0,144229.0,134147.0,88404.0,652645.0,0.0,1718402.0,0.0,1970524.0,112700686.0
60,809390.0,7626831.0,175461.0,2591269.0,604543.0,218195.56140350876,115800.0,287247.7037037037,69547.0,97276.9298245614,0.0,85508.0,713709.4333333333,103160.0,0.0,189839.0,73358.0,265630.649122807,19126.2,5627687.703703703,3017282.0,348774.0,0.0,5653746.0,334880.3333333333,69789.0,487632.0,58038.22222222222,0.0,121811.0,103049.88888888889,45394.51851851852,420686.0,4930272.0,628854.074074074,371058.6296296296,333395.74074074073,112262.0,122108.0,20034.1,1910713.0,529364.0,470932.0,43750.23333333333,128731.0,125201.0,0.0,2403459.033333333,0.0,4553996.0,357832.0,118849.0,21398.133333333335,386583.0,343307.962962963,91450.0,111256.0,5051317.0,137887.0,179352.0,119785.0,408288.0,0.0,2450605.0,0.0,4268126.0,93089962.0
61,608402.0,3717130.0,0.0,2973792.0,0.0,218195.56140350876,0.0,287247.7037037037,0.0,97276.9298245614,0.0,128022.0,713709.4333333333,140813.0,0.0,139641.0,60794.0,265630.649122807,19126.2,5627687.703703703,3879386.0,646981.0,0.0,8341626.0,334880.3333333333,0.0,476972.0,58038.22222222222,0.0,63082.0,103049.88888888889,45394.51851851852,2271616.0,5518148.0,628854.074074074,371058.6296296296,333395.74074074073,77569.0,0.0,20034.1,799527.0,841414.0,556478.0,43750.23333333333,0.0,0.0,0.0,2403459.033333333,0.0,2479369.0,80690.0,0.0,21398.133333333335,218444.0,343307.962962963,90264.0,0.0,802253.0,0.0,0.0,0.0,0.0,0.0,166612.0,0.0,64116.0,95504755.0
62,947309.0,5157444.0,0.0,2507968.0,0.0,218195.56140350876,204422.0,287247.7037037037,89753.0,97276.9298245614,0.0,90122.0,713709.4333333333,116323.0,105656.0,0.0,138306.0,265630.649122807,19126.2,5627687.703703703,3355434.0,351600.0,0.0,8328364.0,334880.3333333333,79016.0,481816.0,58038.22222222222,0.0,0.0,103049.88888888889,45394.51851851852,1155205.0,7058046.0,628854.074074074,371058.6296296296,333395.74074074073,63099.0,177595.0,20034.1,1545013.0,590411.0,296451.0,43750.23333333333,0.0,164633.0,0.0,2403459.033333333,0.0,5542281.0,348812.0,0.0,21398.133333333335,229405.0,343307.962962963,120597.0,0.0,3764377.0,308213.0,82496.0,0.0,57578.0,0.0,329919.0,0.0,119065.0,111534573.0
63,961495.0,6648458.0,0.0,2460826.0,552271.0,218195.56140350876,140271.0,287247.7037037037,63628.0,97276.9298245614,0.0,131277.0,713709.4333333333,123060.0,68534.0,262306.0,53366.0,265630.649122807,19126.2,5627687.703703703,3614046.0,411137.0,0.0,8357066.0,334880.3333333333,92671.0,446101.0,58038.22222222222,0.0,0.0,103049.88888888889,45394.51851851852,1082152.0,6356903.0,628854.074074074,371058.6296296296,333395.74074074073,121836.0,144705.0,20034.1,1900921.0,673916.0,319697.0,43750.23333333333,344949.0,261433.0,0.0,2403459.033333333,0.0,7740141.0,617095.0,171353.0,21398.133333333335,257087.0,343307.962962963,231601.0,0.0,8126177.0,535396.0,254789.0,66340.0,112673.0,0.0,752512.0,0.0,301336.0,43562718.0
64,155389.0,1010300.0,0.0,3917970.0,735781.0,218195.56140350876,528832.0,287247.7037037037,381024.0,97276.9298245614,1550481.0,82608.0,713709.4333333333,183084.0,53025.0,501035.0,76840.0,265630.649122807,19126.2,5627687.703703703,3569454.0,388765.0,0.0,4505387.0,334880.3333333333,228006.0,180008.0,58038.22222222222,0.0,163793.0,103049.88888888889,45394.51851851852,106588.0,800115.0,628854.074074074,371058.6296296296,333395.74074074073,274686.0,172459.0,20034.1,181784.0,257232.0,254013.0,43750.23333333333,0.0,0.0,0.0,2403459.033333333,70872.0,98723.0,302852.0,0.0,21398.133333333335,122437.0,343307.962962963,62303.0,0.0,723882.0,0.0,59160.0,0.0,0.0,133915.0,152145.0,247622.0,79080.0,64083889.0
65,55674.0,833894.0,0.0,1895126.0,368391.0,218195.56140350876,160664.0,287247.7037037037,158705.0,97276.9298245614,1682575.0,62721.0,713709.4333333333,77576.0,0.0,259701.0,0.0,265630.649122807,19126.2,5627687.703703703,2868248.0,111779.0,0.0,2548897.0,334880.3333333333,0.0,63669.0,58038.22222222222,0.0,66071.0,103049.88888888889,45394.51851851852,81508.0,293287.0,628854.074074074,371058.6296296296,333395.74074074073,132490.0,59778.0,20034.1,299078.0,235580.0,235434.0,43750.23333333333,0.0,0.0,0.0,2403459.033333333,93940.0,489438.0,411519.0,0.0,21398.133333333335,99484.0,343307.962962963,0.0,0.0,1293239.0,0.0,82803.0,0.0,0.0,201090.0,286061.0,303949.0,112422.0,76383368.0
66,206308.0,1059453.0,0.0,199890.0,457109.0,218195.56140350876,365507.0,287247.7037037037,180890.0,97276.9298245614,1821750.0,91226.0,713709.4333333333,146555.0,0.0,555535.0,96188.0,265630.649122807,19126.2,5627687.703703703,3954594.0,169612.0,0.0,3497616.0,334880.3333333333,176833.0,113874.0,58038.22222222222,0.0,118007.0,103049.88888888889,45394.51851851852,85149.0,265880.0,628854.074074074,371058.6296296296,333395.74074074073,206282.0,0.0,20034.1,314410.0,287789.0,323796.0,43750.23333333333,0.0,0.0,0.0,2403459.033333333,103754.0,410418.0,519574.0,0.0,21398.133333333335,136105.0,343307.962962963,96083.0,0.0,1683334.0,0.0,138988.0,0.0,91864.0,314284.0,399067.0,470038.0,136299.0,84586604.0
67,0.0,1038526.0,0.0,0.0,199127.0,218195.56140350876,0.0,287247.7037037037,0.0,97276.9298245614,1417005.0,0.0,713709.4333333333,0.0,0.0,56244.0,0.0,265630.649122807,19126.2,5627687.703703703,1674709.0,64568.0,118318.0,2622897.0,334880.3333333333,0.0,0.0,58038.22222222222,0.0,0.0,103049.88888888889,45394.51851851852,115864.0,1458984.0,628854.074074074,371058.6296296296,333395.74074074073,0.0,159338.0,20034.1,158548.0,343124.0,0.0,43750.23333333333,0.0,0.0,0.0,2403459.033333333,91673.0,148544.0,331798.0,0.0,21398.133333333335,0.0,343307.962962963,0.0,0.0,672139.0,0.0,91058.0,0.0,285335.0,141209.0,448711.0,1389615.0,1477460.0,77981995.0
68,0.0,746145.0,0.0,0.0,0.0,218195.56140350876,0.0,287247.7037037037,0.0,97276.9298245614,843090.0,0.0,713709.4333333333,0.0,0.0,53025.0,0.0,265630.649122807,19126.2,5627687.703703703,1112004.0,71493.0,0.0,2269429.0,334880.3333333333,0.0,0.0,58038.22222222222,0.0,0.0,103049.88888888889,45394.51851851852,78116.0,995169.0,628854.074074074,371058.6296296296,333395.74074074073,0.0,194881.0,20034.1,106502.0,322616.0,0.0,43750.23333333333,0.0,0.0,0.0,2403459.033333333,89486.0,99315.0,559861.0,0.0,21398.133333333335,0.0,343307.962962963,0.0,0.0,1719069.0,0.0,163012.0,0.0,184046.0,206594.0,1084828.0,1869692.0,1251665.0,85548553.0
69,138406.0,0.0,0.0,2601103.0,413560.0,218195.56140350876,369097.0,287247.7037037037,261039.0,97276.9298245614,0.0,0.0,713709.4333333333,137297.0,0.0,435021.0,60756.0,265630.649122807,19126.2,5627687.703703703,1599561.0,291645.0,0.0,3384709.0,334880.3333333333,174979.0,85978.0,58038.22222222222,0.0,83980.0,103049.88888888889,45394.51851851852,330785.0,546566.0,628854.074074074,371058.6296296296,333395.74074074073,187563.0,108434.0,20034.1,90957.0,284966.0,255229.0,43750.23333333333,0.0,0.0,0.0,2403459.033333333,87201.0,136896.0,320352.0,0.0,21398.133333333335,103548.0,343307.962962963,110355.0,0.0,639394.0,73677.0,60053.0,0.0,0.0,208765.0,172360.0,0.0,0.0,72853935.0
70,157208.0,0.0,0.0,2591407.0,258187.0,218195.56140350876,333096.0,287247.7037037037,148155.0,97276.9298245614,0.0,68374.0,713709.4333333333,160630.0,52938.0,444798.0,78297.0,265630.649122807,19126.2,5627687.703703703,1513337.0,244580.0,0.0,3232684.0,334880.3333333333,171949.0,0.0,58038.22222222222,0.0,79508.0,103049.88888888889,45394.51851851852,436384.0,357739.0,628854.074074074,371058.6296296296,333395.74074074073,182250.0,119064.0,20034.1,112115.0,447419.0,305231.0,43750.23333333333,0.0,0.0,0.0,2403459.033333333,159402.0,303533.0,835199.0,0.0,21398.133333333335,172988.0,343307.962962963,194966.0,0.0,1323482.0,299615.0,213434.0,0.0,0.0,448151.0,470892.0,138587.0,70851.0,87016160.0
71,108232.0,0.0,0.0,2278562.0,414624.0,218195.56140350876,324672.0,287247.7037037037,177119.0,97276.9298245614,133992.0,58623.0,713709.4333333333,116084.0,0.0,425365.0,88191.0,265630.649122807,19126.2,5627687.703703703,2244762.0,196334.0,0.0,3357368.0,334880.3333333333,170322.0,0.0,58038.22222222222,0.0,75315.0,103049.88888888889,45394.51851851852,316796.0,177944.0,628854.074074074,371058.6296296296,333395.74074074073,145681.0,57874.07142857143,20034.1,189796.0,281528.0,241323.0,43750.23333333333,0.0,0.0,0.0,2403459.033333333,76070.0,729337.0,395577.0,0.0,21398.133333333335,115781.0,343307.962962963,0.0,0.0,1198793.0,146231.0,94999.0,0.0,0.0,365451.0,312473.0,0.0,0.0,77512251.0
72,0.0,0.0,0.0,0.0,0.0,218195.56140350876,0.0,287247.7037037037,0.0,97276.9298245614,0.0,0.0,713709.4333333333,0.0,0.0,0.0,0.0,265630.649122807,19126.2,5627687.703703703,0.0,94963.0,0.0,1312941.0,334880.3333333333,0.0,0.0,58038.22222222222,0.0,0.0,103049.88888888889,45394.51851851852,376463.0,991493.0,628854.074074074,371058.6296296296,333395.74074074073,0.0,230966.0,20034.1,0.0,326330.0,0.0,43750.23333333333,0.0,0.0,0.0,2403459.033333333,62131.0,60950.0,327139.0,0.0,21398.133333333335,0.0,343307.962962963,103267.0,0.0,581729.0,52637.0,117138.0,0.0,72630.0,183803.0,216519.0,79475.0,51688.0,82768482.0
73,0.0,0.0,0.0,0.0,0.0,218195.56140350876,0.0,287247.7037037037,0.0,97276.9298245614,0.0,0.0,713709.4333333333,0.0,0.0,0.0,0.0,265630.649122807,19126.2,5627687.703703703,516079.0,151307.0,0.0,1084828.0,334880.3333333333,0.0,0.0,58038.22222222222,0.0,0.0,103049.88888888889,45394.51851851852,292752.0,1043984.0,628854.074074074,371058.6296296296,333395.74074074073,0.0,362007.0,20034.1,0.0,331717.0,0.0,43750.23333333333,0.0,0.0,0.0,2403459.033333333,0.0,0.0,171292.0,0.0,21398.133333333335,0.0,343307.962962963,0.0,0.0,242246.0,246354.0,135850.0,0.0,67958.0,107442.0,156417.0,173037.61538461538,1940003.0,61263721.0
74,887825.0,7585417.0,0.0,673781.0,0.0,218195.56140350876,58040.0,287247.7037037037,0.0,97276.9298245614,0.0,77057.0,713709.4333333333,79276.0,0.0,150443.0,0.0,265630.649122807,19126.2,5627687.703703703,285915.0,205972.0,0.0,4976821.0,334880.3333333333,0.0,115357.0,58038.22222222222,78080.0,51263.0,103049.88888888889,45394.51851851852,352856.0,2351610.0,628854.074074074,371058.6296296296,333395.74074074073,127027.0,0.0,20034.1,1131862.0,432151.0,179033.0,43750.23333333333,0.0,0.0,201877.0,2403459.033333333,0.0,0.0,125461.0,0.0,21398.133333333335,185259.0,343307.962962963,0.0,0.0,1734037.0,0.0,0.0,0.0,89948.0,0.0,851004.0,0.0,850885.0,88277609.0
75,670603.0,7461659.0,0.0,592162.0,0.0,218195.56140350876,62292.0,287247.7037037037,0.0,97276.9298245614,0.0,52672.0,713709.4333333333,68747.0,0.0,0.0,125917.0,265630.649122807,19126.2,5627687.703703703,274388.0,185920.0,0.0,5003470.0,334880.3333333333,0.0,78741.0,58038.22222222222,80161.0,56793.0,103049.88888888889,45394.51851851852,248134.0,2007913.0,628854.074074074,371058.6296296296,333395.74074074073,113605.0,0.0,20034.1,1139646.0,292152.0,224753.0,43750.23333333333,0.0,0.0,144622.0,2403459.033333333,0.0,1341923.0,125475.0,0.0,21398.133333333335,220256.0,343307.962962963,0.0,0.0,2010208.0,0.0,0.0,0.0,64680.0,0.0,922978.0,0.0,1183943.0,91230943.0
76,576884.0,2372532.0,0.0,468142.0,0.0,218195.56140350876,0.0,287247.7037037037,0.0,97276.9298245614,152410.0,66285.0,713709.4333333333,0.0,0.0,50584.0,0.0,265630.649122807,19126.2,5627687.703703703,451935.0,111956.0,0.0,2399050.0,334880.3333333333,0.0,55845.0,58038.22222222222,0.0,0.0,103049.88888888889,45394.51851851852,156017.0,641681.0,628854.074074074,371058.6296296296,333395.74074074073,67623.0,0.0,20034.1,547685.0,239981.0,131516.0,43750.23333333333,0.0,0.0,74667.0,2403459.033333333,0.0,752118.0,222277.0,0.0,21398.133333333335,134335.0,343307.962962963,0.0,0.0,2075742.0,0.0,0.0,0.0,54145.0,0.0,593032.0,0.0,382201.0,109912287.0
77,636851.0,5114072.0,0.0,559183.0,0.0,218195.56140350876,0.0,287247.7037037037,0.0,97276.9298245614,171493.0,0.0,713709.4333333333,0.0,0.0,90291.0,0.0,265630.649122807,19126.2,5627687.703703703,632825.0,132704.0,0.0,3934663.0,334880.3333333333,0.0,74957.0,58038.22222222222,525825.0,0.0,103049.88888888889,45394.51851851852,158088.0,2911844.0,628854.074074074,371058.6296296296,333395.74074074073,0.0,0.0,20034.1,851829.0,216947.0,158388.0,43750.23333333333,0.0,0.0,82691.0,2403459.033333333,0.0,1124759.0,89118.0,0.0,21398.133333333335,176598.0,343307.962962963,0.0,0.0,1582441.0,0.0,0.0,0.0,0.0,0.0,450711.0,0.0,390122.0,89285823.0
78,206102.63855421686,7870420.0,0.0,1225829.0,0.0,218195.56140350876,101495.0,287247.7037037037,0.0,97276.9298245614,0.0,0.0,713709.4333333333,0.0,0.0,0.0,0.0,265630.649122807,19126.2,5627687.703703703,220140.0,1022779.0,0.0,2243423.0,334880.3333333333,0.0,0.0,58038.22222222222,0.0,0.0,103049.88888888889,45394.51851851852,75932.0,125680.0,628854.074074074,371058.6296296296,333395.74074074073,0.0,0.0,20034.1,508826.0,152770.0,342571.0,43750.23333333333,52208.0,0.0,0.0,2403459.033333333,0.0,474789.0,222050.0,0.0,21398.133333333335,100430.0,343307.962962963,0.0,0.0,1758353.0,0.0,57182.0,0.0,0.0,0.0,843660.0,0.0,1033300.0,82182776.0
79,119313.0,1364553.0,0.0,169495.0,0.0,218195.56140350876,0.0,287247.7037037037,0.0,97276.9298245614,0.0,0.0,713709.4333333333,0.0,0.0,54155.0,0.0,265630.649122807,19126.2,5627687.703703703,934149.0,151941.0,0.0,1928512.0,334880.3333333333,0.0,0.0,58038.22222222222,0.0,0.0,103049.88888888889,45394.51851851852,985092.0,2373104.0,628854.074074074,371058.6296296296,333395.74074074073,0.0,0.0,20034.1,265324.0,156741.0,82607.0,43750.23333333333,0.0,0.0,119773.0,2403459.033333333,0.0,410056.0,0.0,0.0,21398.133333333335,76521.0,343307.962962963,0.0,0.0,289615.0,0.0,0.0,0.0,0.0,0.0,0.0,0.0,0.0,60325589.0
80,128397.0,1451138.0,0.0,359499.0,0.0,218195.56140350876,0.0,287247.7037037037,0.0,97276.9298245614,0.0,0.0,713709.4333333333,0.0,0.0,54486.0,0.0,265630.649122807,19126.2,5627687.703703703,526119.0,185916.0,0.0,2047003.0,334880.3333333333,0.0,0.0,58038.22222222222,0.0,0.0,103049.88888888889,45394.51851851852,617890.0,2282520.0,628854.074074074,371058.6296296296,333395.74074074073,0.0,0.0,20034.1,558260.0,299459.0,130593.0,43750.23333333333,0.0,0.0,235221.0,2403459.033333333,0.0,1118337.0,67510.0,0.0,21398.133333333335,125495.0,343307.962962963,52814.0,0.0,749942.0,0.0,0.0,0.0,0.0,0.0,78672.0,0.0,0.0,107880324.0
81,309004.0,5650813.0,0.0,875905.0,0.0,218195.56140350876,109170.0,287247.7037037037,0.0,97276.9298245614,310852.0,0.0,713709.4333333333,97651.0,0.0,180005.0,62168.0,265630.649122807,19126.2,5627687.703703703,809747.0,352271.0,0.0,6497830.0,334880.3333333333,0.0,92340.0,58038.22222222222,52741.0,58804.0,103049.88888888889,45394.51851851852,481673.0,8927089.0,628854.074074074,371058.6296296296,333395.74074074073,97887.0,0.0,20034.1,464549.0,362678.0,136519.0,43750.23333333333,0.0,0.0,360779.0,2403459.033333333,0.0,855428.0,69218.0,0.0,21398.133333333335,156776.0,343307.962962963,0.0,0.0,479315.0,0.0,0.0,0.0,0.0,0.0,84426.0,0.0,0.0,72102392.0
82,548442.0,3588158.0,0.0,637563.0,0.0,218195.56140350876,60834.0,287247.7037037037,0.0,97276.9298245614,483269.0,0.0,713709.4333333333,77088.0,0.0,114343.0,0.0,265630.649122807,19126.2,5627687.703703703,705595.0,244700.0,0.0,4141334.0,334880.3333333333,0.0,68147.0,58038.22222222222,85445.0,0.0,103049.88888888889,45394.51851851852,610883.0,6388137.0,628854.074074074,371058.6296296296,333395.74074074073,80664.0,0.0,20034.1,1201031.0,303087.0,162366.0,43750.23333333333,0.0,0.0,253951.0,2403459.033333333,0.0,2405144.0,169862.0,0.0,21398.133333333335,165001.0,343307.962962963,84957.0,0.0,2750809.0,0.0,0.0,0.0,0.0,0.0,146349.0,0.0,0.0,85257546.0
83,339404.0,3962927.0,0.0,2988409.0,348154.0,218195.56140350876,694251.0,287247.7037037037,0.0,97276.9298245614,0.0,0.0,713709.4333333333,150367.0,0.0,479434.0,56195.0,265630.649122807,19126.2,5627687.703703703,336294.0,363923.0,0.0,4078717.0,334880.3333333333,0.0,0.0,58038.22222222222,0.0,0.0,103049.88888888889,45394.51851851852,980973.0,14027578.0,628854.074074074,371058.6296296296,333395.74074074073,0.0,0.0,20034.1,0.0,764794.0,530396.0,43750.23333333333,152418.0,129213.0,376472.0,2403459.033333333,0.0,4098619.0,975303.0,96187.0,21398.133333333335,173580.0,343307.962962963,226100.0,0.0,8172616.0,698476.0,382222.0,0.0,0.0,0.0,635257.0,0.0,482026.0,97156549.0
